Bahasa Indoesia,Bahasa Manggarai
dilarang membawa minuman dari luar!,neka ba inung pe'ang mai!
"jangan berisik, pergi tidur sekarang juga!","asi ngaok, ngo toko ho'o ga!"
dilarang melihat buku waktu ujian!,neka lelo buku du ujian!
dilarang memberi makan binatang!,neka teing hang kaka!
jangan mengkonsumsi makanan yang kadaluwarsa!,asi hang hang ata banger!
jangan mengemudi mobil dalam kecepatan tinggi!,asi ba oto gelang bail!
jangan melakukan hal-hal yang buruk!,asi pande ata toe manga dia!
jangan buang sampah sembarangan!,asi oke weang pina naeng!
dilarang merokok di sini!,neka rongko ndo'o!
jangan tidur di kursi ini!,asi toko one kursi ho'o!
"kita sedang berada di ruang rapat, jangan berisik!","ite one mai lutur nempung, asi ngaok!"
dilarang memetik bunga di taman!,neka pua bunga one kintal!
dilarang menginjak rumput!,neka wedi remang!
jangan meludah sembarangan!,asi ipo pina naeng!
dilarang memakai tissu di area ini!,neka pake tissu one tempat ho'o!
dilarang menyalin karya orang lain!,neka tunti apa ata pende data!
jangan memfitnah orang sembarangan jika tidak ada bukti!,asi tombo ngasang data eme toe bae tuung!
jangan memakai perhiasan yang banyak!,asi pake kila do bail!
yang memakai celana pendek dilarang masuk ke tempat ini!,ata pake deko wokok neka mai no'o!
Jangan membuang-buang air!,asi oke bo wae!
anak di bawah umur dilarang masuk!,ata koe neka ngo one!
dilarang makan dan minum di tempat ini!,neka hang agu inung one tempat ho'o!
dilarang membuang permen karet!,neka oke sebombon karet!
dilarang masuk!,neka ngo one!
dilarang berdagang disini!,neka pika ndo'o!
anak gadis tidak baik pulang malam-malam!,ata ine wai molas toe manga dian eme kole wie eros!
dilarang bawa kucing di rumah ini!,neka ba puss one mbaru ho'o!
jangan mendekati saya!,asi ruis aku!
dilarang parkir di depan rumah kami!,neka na'a oto bolo mai mbaru dami!
Jangan bermain layang-layang di jalan raya!,asi main layang-layang one salang oto!
Bangunlah dari tempat tidurmu itu! ,to'o ga one mai wongka gau hitu!
Tutuplah pintu belakang!,tadu koe para be musi!
Angkatlah telepon dari kakakmu!,tiba koe bell one mai kae gau!
Datanglah kemari sekarang juga!,mai ndo'o ho'o ga!
Nyanyikan lagu itu di hadapan kami!,dere koe dere ho'o bolo mai ami!
jangan larang aku pergi ke rumahnya!,neka reing aku eme ngo one mbaru diha!
Masaklah nasi di dapur!,teneng koe hang musi dapur!
Buanglah sampah ini ke tong sampah!,oke weang ho'o one tempat sampah!
Pulanglah ke rumah sekarang juga!,kole mbaru ho'o ga!
Mohon maaf padanya!,tae neka rabo one hia!
Lemparkan kunci itu ke arahku!,peke kunci ngger ce'e aku!
Hormatlah kepada bendera Indonesia!,hiang latang bendera indonesia!
Perbaiki kerusakan alat ini sekarang!,pande dia ata rusakn alat ho'o!
Selesaikanlah tugasmu tepat waktu!,pande taung kerja gau pas waktu!
Bayarlah iuran listrik tepat waktu!,bajar warang listrik pas waktu!
Sabarlah menghadapi ujian hidup!,lembak koe nai latang mosem!
Kembalikan buku ini ke pemiliknya!,teing kole buku ho'o one ata ngaran!
Jujurlah dalam menceritakan!,tuung ke eme tombo!
Berikan bola itu kepada saya!,ba ce'e aku bola hitu!
Bukakan jendela kamar sekarang!,buka para tontong loang ho'o!
Kerjakan tugas sekolahmu sekarang juga!,pande muing tugas sekolah gau ho'o ga!
Bersihkan kamar mandi sekarang juga!,bersih koe tempat cebong ho'o ga!
Pergilah ke warung!,ngo one warung!
Jawablah pertanyaanku!,wale koe tombo daku!
Ambilkan jaket kulitku di lemari!,ala koe jaket loke daku one lemari!
Selesaikan skripsimu hari ini juga!,pande poli muing skripsi gau leso ho'o ga!
Hormatilah gurumu!,hiang koe guru gau!
Hormatilah kedua orang tuamu!,hiang koe ende ema gau!
Berikan surat ini kepadanya!,teing koe surat ho'o one hia!
Angkatlah telepon dari adikmu!,tiba koe bell one mai ase gau!
Pergilah ke Surabaya hari ini juga!,ngo lau surabaya leso ho'o muing ga!
Marilah menari denganku!,mai ga goyang agu aku!
"Lupakan segala masalahmu, ayo kita liburan hari ini!","neka nuk sangge taung salah gau, ta ga ite ngo pesiar leso ho'o!"
Mari kita bergegas menuju rumahnya Andi!,ite mengkek kudu ngo one mbaru dise Andi!
Ayo kita kalahkan lawan kita!,taga ga pande kalah lite ata cupu mai ite!
Mari kita bersihkan halaman rumah!,mai ite pande bersih kintal mbaru!
Ayo ikut aku ke mall!,taga lut aku go one mall!
Marilah ikut bersamaku!,mai ga lut aku!
Ayo berolahraga agar tubuh jadi sehat!,taga labar kudut pande sehat weki!
Ayo kita kerjakan tugas ini bersama!,taga kerja cama tugas ho'o!
Marilah berperilaku yang baik!,mai ga lawa di'a-di'a koe ba weki!
Ayo selesaikan persiapan untuk acara perpisahan besok! ,taga pande poli muing mengkek kut nempung diang!
Marilah kita pakai batik supaya tidak hilang,mai ga pake batik so'o jaga mora!
Ayo selamatkan bumi dengan membuang sampah pada tempatnya! ,"oke one tempat deru weang so,kut dian lino!"
Marilah jaga lingkungan sekolah kita!,mai ga jaga cama-cama sekolah dite!
"kalau ingin badan sehat, makan makanan yang sehat","eme ngoeng dia weki, hang sot apa dia!"
Ayo kita ikuti kemana mereka pergi!,taga ikut lite ye ngo nia peang ise!
Mari bergotong-royong membantu korban bencana alam!,mai bantu cama-cama ase kae dite sot hena le bencana!
Ayo belajar bersama untuk menghadapi ujian kenaikan kelas!,taga belajar cama de ai ruis ujian naik kelas!
"Ayo semangat, perjalanan kita masih panjang!",taga semangat e lewe kin mose ho!
"Jangan sungkan, mari bergabung bersama kami!",asi ritak mai kaeng cama!
Ayo kita naik mobil ,taga ite leti oto
jangan nakal kalau bawa motor di jalan!,neka jengan ba motor one salang!
kita jalan kaki di jalan sendiri,lako one salang ru dite
Mari kurangi pemakaian plastik untuk menghindari kerusakan bumi!,"neka do bail pake plastik, jaga rusak bumi!"
Marilah kita tanamkan disiplin pada anak-anak sejak dini!,mai ga ite toing de dia anak pung du koed!
Ayo belajar menabung mulai hari ini!,taga pung leso ho'o dia-dia na'a seng!
Tolong ambilkan meja di ruang tamu! ,emi ke meja one lutur!
Tolong ambilkan toples itu ya!,emi de toples hio de!
Mohon untuk datang tepat waktu!,cala nganceng mai tepat waktu koe!
Harap membuang sampah pada tempat sampah!,oke weang one tempat weang!
kerjakan tugasmu sekarang!,pandes diter ga!
Harap kecilkan volume TV!,koe suara TV hitu!
Tolong ambilkan kursi di ruang tamu! ,emi ke bangku one lutur!
Tolong ambilkan buku itu ya!,emi ke buku hio pe!
mari makan,mai hang
Mohon kamu bersihkan kamar tidur sekarang juga!,cala nganceng bersi loang dite ho'o ga!
Harap kamu pelankan suara radio!,nganceng koe ke suara radio!
Tolong kamu bersikap lebih adil!,cala nganceng ite neka mendo cupu!
Mohon bukakan pintu rumah itu!,cala nganceng buka para mbaru!
Tolong kamu bersikap lebih sopan lagi!,cala nganceng pio-pio koe!
Mohon bukakan pintu depan!,cala nganceng buka para bolo!
selesaikan tugas masing-masing!,pande poli tugas hanang koe-hanang koe!
Sebaiknya kamu lebih rajin belajar mulai saat ini!,ata dian hau tamba rajin belajar puung ho'o ga!
kita harus berbuat baik setiap saat! ,ite ho'o perlu pande di'a neteng leso!
Baiknya kamu buang sampah di tong sampah!,ata di'an hau oke weang one tempat weang!
Alangkah baiknya jika kamu kecilkan suara musik di hpmu!,bom eme ata dian ne pande koe runing musik de hau!
Sebaiknya kamu mencari teman yang baik!,bo eme nganceng hau kawe hae labar ata dia!
"Untuk menghindari antrian, besok datanglah lebih pagi!","kudu rantang antri, diang mai gula koe!"
Seharusnya kau tidak mengatakan hal itu kepadanya!,kong ngai asi tombon le hau apa hitu one hia!
Alangkah baiknya jika kita melupakan kejadian hari ini! ,"bom eme ata dian ne, neka nuk kejadian leso ho'o!"
Saya harap kalian tidak mengganggunya!,ngoeng daku meu neka cegot hia!
"Sebaiknya pergilah, sebelum mereka melihat kalian di rumah ini!","ata dian ngo meu ga, jaga ngancek ita meu lise one mbaru ho'o!"
Ke mana sekarang?,Ngo nia ge?
Saya pergi ke bawah sana!,Ngo wa ho’o e!
Kami ke bawah sana!,Ngo wa ho’o ami e!
Kalian pergi ke mana?,Ngo nia meu ge? 
Kami pergi mencari kayu ke bawah sana!,Ngo rocik haju wa ho’o e!
Kita ke mana sekarang?,Ngo niad ge?
Kita pergi ketemu pacarku!,Ngo cumang hi naca daku ta!
Engkau pergi ke mana sekarang?,Ngo niah ge?
Jalan-jalan saja!,Lako-lako kat e!
Saya diperintah ke mana sekarang?,Ngo niak ge?
Pergi ke tuan Raja!,Ngo eta Keraeng Raja!
Saya sekarang pergi ke mana?,Ngo niak ge ta?
Terserah Anda toh. Keputusan ada di tangan anda?,"Aikm ta, asa neng le rum!"
Kalian pergi ke mana sekarang?,Ngo niam ge?
kami pergi memancing ikan sekarang!,ngo pekang ikang e!
"Bagaimana sudah, jalan ke mana!","Co’o ga, lako niad ge?"
Jalan ke mana saja!,Lako niad kat ta de!
Mana yang baik ini makanan?,Nia ata diad hang so’o ge?
"Makan yang mana saja, terserah!",Pande nian kat ta de!
"Bagaimana sudah, di sini masih ada jeruk yang belum matang!","Co’os ge ta, cait manga ata toem te’ed nderu so’o e?"
Makan yang mana saja!,Hang nian kat ta de!
Kita duduk di mana?,Lonto niad ge?
Di mana saja!,Nia-nian kat ta!
Saya pergi ke mana sekarang?,Ngo niap ge?
Ke Rumah Ijuk sekarang!,Ngo wa Mbaru Wunut e!
Kita pergi ke mana sekarang?,Ngo niat ge?
Kita ke Rumah Wunut sekarang!,Ngo wa Mbaru Wunut de!
Kamu pergi ke mana sekarang?,Ngo nia meu ho'o ga?
Pergi mencari uang tutupan!,Ngo kawe seng tadu lopa e!
Mana kau punya?,Niap de haun ta?
Ini saya punya!,Ho’op dakun ta de?
Sekarang kita pergi ke mana?,Ngo niar ge?
Kita pergi ke atas sana!,Ngo eta ho’od ta!
Pergi cari katak saja!,Ngo ceak pake de!
Kita cari di mana sudah?,Kawe niar ge?
Kita cara di bawah sana itu!,Kawe lau ho’od de!
Tadi mereka hendak pergi ke mana? Sekarang mereka mau pergi ke mana?,Ngo nias ge?
Tidak tahu lagi mungkin mereka pergi ke pertokoan!,"Aik de, am ngo wa tokongs!"
Tidak tahu lagi mungkin mereka pergi ke toko.,"Aik de, aram ngo wa tokong ise!"
Kita cari di mana?,Kawe niat te?
Cari di sekolah-sekolah!,Kawe one sekola-sekola e!
Dia sekarang pergi ke mana?,Ngo niay ge?
"Tidak tahu lagi, mungkin dia pergi mencari gadis cantik!","Aikn ne, am ngo kawe kala rana leboy!"
Engkau pergi sudah!,Ngop ta de!
Kalian pergi sudah!,Ngop meu ge!
Dia pergi sudah!,Ngop hiap ta!
Kamu harus pergi!,Ngom ta de!
Kamu tidak pergi?,Toe ngom ko?
Engkau jangan pergi!,Asi ngom me!
"Biarkanlah kalian pergi, aku tak peduli!","Maram ngom me, ai co’om laku to’ong!"
Kau terus saja pergi ke sana!,Ngom taung hau ta!
Bagaimana kita pergi sudah?,Ngod ta de! 
Bagaimana kita tidak jadi pergi?,Toe ngod ko?
Besok baru kita pergi!,Diang po ngod de!
Saya pergi sekarang!,Ngok ge!
Sebentar baru saya pergi!,To’ong po ngok e!
Besok baru saya pergi!,Diang po ngok e!
Kau pergi sudah!,Ngoh ge ta!
Ayo mari kita pergi sekarang!,Ngor ge ta de!
Kau pergi sudah!,Ngoh ge!
Mari sama-sama kita buat jalan terbaik!,mai cama cama ite pande salang ata dia!
seharusnya kamu lebih tahu dari saya,bo sebenar hau ata cewe baen one mai aku
Apa lukanya sudah sembuh ?,"asa reu hau, di'a ko?"
Apa mereka selamat ?,asa ise tema co'o-co'o?
Apa jalanan mulus?,asa salang di'a ko?
Apa naik sepeda menyenangkan?,asa leti sepeda dian ko?
Apa warna bajuku?,asa warna baju daku?
Apa warna langit?,asa warna awang?
Apa ukuran sepatu ibu?,asa anor spatu ende?
Apa mejanya bisa di angkat?,asa nganceng pola meja hitu?
Apa angin bertiup kencang?,asa pamper buru ko?
Apa kertasnya dibakar?,asa tapa keretas ko?
Apa motor itu rusak?,asa rowak motor hitu?
Apa langit itu gelap?,asa nendep awang hitu?
Apa motor itu rusak?,asa motor hitu rusak?
Apa mobil itu berwarna hijau?,asa oto hitu warna ta'a?
Apa banyak kucing?,asa do puss?
Apa banyak anjing?,asa do acu?
Apa ini bisa di gunakan?,asa ho'o nganceng paken?
Apa hewan itu mati?,asa kaka hitu mata?
Apa yang sedang dia lakukan?,apa pande diha?
Apa semuanya membantu?,asa sanggentaung campe?
Apa mereka baik-baik saja?,asa ise dia-dia kid ko?
Apa semunya berjalan dengan baik?,asa sangge taung lako dia?
Apa pengaruhnya?,co'o taran gingtu?
Apa langit cerah hari ini?,asa awang cias leso ho'o?
Apa mereka melakukan pekerjaannya?,asa ise pande kerjan kin?
Apa kamu sakit hari ini?,asa hau beti leso ho'o?
Apa kejadian tadi malam?,ata co'o one wie?
Apa yang terjadi tadi siang?,ata co'o bao leso?
Apa yang terjadi tadi sore?,ata co'o bao mane?
Apa hari ini hujan?,asa leso ho'o usang?
Apa baju itu bisa dijual?,asa baju ho'o nganceng pika?
Apa baju itu bisa dibeli?,asa baju ho'o nganceng weli?
Apa dia sakit?,asa hia beti?
Apa dia sudah sembuh?,asa hia ina?
Apa jalanan macet hari ini?,asa salang toe nganceng lako leso ho'o?
Apa terjadi kecelakaan?,asa tara susa?
Apa bisa diangkat?,asa nganceng teti?
Apa bisa diturunkan?,asa nganceng nawan?
Apa seperti itu?,asa neng go'o?
Apa rumahnya di sana?,asa mbarune le hio?
Apa yang terjadi?,asa taran gintu?
Apa barangnya rusak?,asa barang ho'o toe dian?
Apa barangnya bagus?,asa co'o barang ho'o dian?
Apa potongan rambutnya?,asa ketek wuk ho'o e?
Apa selalu seperti itu?,asa ngo'o terus kin ko?
Apa mereka terlihat ceria?,asa ise tawa rangad ita lite?
Apa mereka terlihat sedih?,asa ise neho ata belot naid ita lite?
Apa berlari itu capek?,asa ata mburuk hitu mael gi ko?
Apa meja itu baru?,asa meja hitu werun?
Apa kursi itu baru?,asa kursi hitu werun?
Apa selimutnya harum?,asa towe hitu bengen?
Apa coklat itu manis?,asa coklat hitu mecik?
Apa rasa pahit tidak enak?,asa noing pa'it toe enak?
Apa suaranya bagus?,"asa rewengn, dian?"
Apa suaranya terdengar?,"asa rewengn, ngance dengen?"
Apa dia sangat jauh?,asa tadang keta hia?
Apa dia sangat dekat?,asa ruis keta hia?
Apa menulis itu menyenangkan?,asa tulis hitu dian ko?
Apa berkebun tidak menyenangkan?,asa duat uma toe manga dian ko?
Apa ini sudah masak?,asa ho'o poli tenengn?
Apa semua bisa dimakan?,asa sanggentaung nganceng hang?
Apa temboknya bolong?,"asa tembok ho'o, nuay?"
Apa bukunya basah?,asa  baca bukun?
Apa kainnya bersih?,asa towe nggelok?
Apa bajunya sudah kering?,asa baju poli masad?
Apa lautnya dalam?,"asa tacik hitu, dilemn?"
Apa sepedanya bisa diperbaiki?,"asa sepeda ho'o, nganceng pande dian?"
Apa hewan ini galak?,asa kaka cewe rani?
Apa hewan itu menggigit?,asa kaka hitu akitn?
Apa banyak orang?,asa do ata?
Apa dia sakit parah?,asa hia beti daat?
Apa lantainya sudah di sapu?,"asa lanten, poli sapun ga?"
kamu datang untuk apa?,hau mai no'o kudut co'o?
Apa kau bisa melihatnya?,asa ngaceng lelo le hau ko?
Apa mereka lupa?,asa hemong lite?
Apa terlupakan oleh dia?,asa hemong le hia?
Apa bisa terbang?,asa nganceng lelap?
Apa lampunya mati?,asa mata lampun?
Apa lampunya menyala?,asa dila lampun?
Apa lemarinya terbuka?,asa cengka lemarin?
Apa sudah terlihat?,asa poli lelon
Apa celananya cocok?,asa deko hitu pas ko
Apa itu membuat takut?,"asa apa hitu, pande rantang ko?"
Apa berjalan lancar?,asa dian lakon
Apa langitnya terang?,asa awang gerakn
Apa listrik berfungsi?,asa dila listrik ko?
Apa berjalan kaki melelahkan?,asa lako wai kamern ko
Apa waktu dulu mereka melakukannya?,asa pande lise danong
Apa menyenangkan tinggal disini?,"asa kaeng no'o, dian ko"
Apa kamu tidak mengantuk?,asa hau toe rendut
Apa orang tua kamu jauh?,asa ata tua gau tadang
Apa kakak sedang tidur?,asa kae reme tokon
Apa perlu melakuannya?,paka pande keta ho'o ko
Apa temanmu hidupnya bahagia?,asa teman gau senang mosen
Apa pamanmu tidak merasa capek?,asa toa gau toe manga kamer
Apa ayahmu sering pulang malam?,asa ema gau donde kole wie
Apa ibumu akan ke kereja hari ini?,asa ine gau ngo kerja leso ho'o
Apa kurang baik bermalas-malasan hari ini?,asa toe manga dian kaeng bo leso ho'o
Apa tidur membuat sehat,asa toko pande sehat ko
Apa saya harus menikah?,asa aku paka kawing ko
Kapan ujian sekolah dimulai?,cepisa puung ujian sekolah
Kapan peristiwa itu terjadi?,one pisa apa hitu jadin
Kapan dia datang ke kampung itu?,cepisa hia ngo one beo
Kapan dia tiba di lokasi kejadian?,cepisa hia cain one tempat hitu
Kapan kamu akan datang ke rumahku?,cepisa hau mai cee mbaru daku
Kapan kita pergi ke toko buku?,cepisa ite ngo one kios buku
Kapan kita pulang?,cepisa ite kole
Kapan kamu berangkat?,cepisa hau ngo
Kapan mobil itu akan berangkat?,cepisa oto hitu ngon
Kapan pesawat itu akan terbang?,cepisa lelap pesawat hitu tong
Kapan dia akan pakai baju itu?,cepisa hia pu pake baju hitu
Kapan ujianmu selesai?,cepisa polin ujian gau
Kapan saya harus bekerja?,cepisa aku kudut kerja
Kapan harus mulai bermain?,cepisa pung mulai main
Kapan kamu membeli tas itu?,cepisa hau welin tas hitu
Kapan kamu bisa membaca?,cepisa hau nganceng baca
Kapan kita mandi?,cepisa ite cebong
Kapan saya memasak denganmu?,cepisa aku teneng agu hau
Kapan baju itu kering?,cepisa masan baju hitu
Kapan kamu minum obat itu?,cepisa hau inung obat hitu
Kapan lampu itu menyala?,cepisa dilan lampu hitu
Kapan tanaman itu tumbuh?,cepisa poong hitu todon
Kapan kita pergi ke sawah?,cepisa ite ngon one sawah 
Kapan bunga itu mekar?,cepisa bunga hitu bengkar
Kapan pekerjaan ini selesai?,cepisa polin kerja ho'o
Kapan lampu itu mati?,cepisa lampu hitu pesan
Kapan kita membaca buku itu?,cepisa ite baca buku hitu
Kapan kita bisa bertemu lagi?,cepisa ite nganceng cumang kole
Kapan ayah pulang?,cepisa kolen ema
Kapan ibu pulang?,cepisa kolen ine
Kapan kakak pulang?,cepisa kolen ka'e
Kapan adik pulang?,cepisa kolen ase
Kapan buah itu dipanen?,cepisa puan wua hitu 
Kapan sepatu itu dicuci?,cepisa cucin spatu hitu 
Kapan motor itu dicuci?,cepisa cucin motor hitu 
Kapan ibu pergi ke pasar?,cepisa ine ngo one pasar
Kapan sekolah itu libur?,cepisa sekolah hitu libur
Kapan kucing itu makan?,cepisa puss hitu hang
Kapan kambing itu makan?,cepisa mbe hitu hang
Kapan siang tiba?,cepisa cain leso
Kapan malam tiba?,cepisa cain wie
Kapan guru itu datang?,cepisa guru hitu main
Kapan kereta itu tiba?,cepisa kereta hitu cain
Kapan temanku pulang?,cepisa kolen teman daku
Kapan sepatu itu dipakai?,cepisa paken spatu hitu
Kapan baju itu dipakai?,cepisa baju hitu paken
Kapan dia makan dengan kita?,cepisa hia hang agu ite
Kapan cari makan dipasar?,cepisa kawe hang one pasar
Kapan pintu itu ditutup?,cepisa tadu paran hio
Sejak kapan saya punya mobil?,one pisa pu'ung manga oto gaku
kapan aku bisa pacaran denganmu,cepisa aku nganceng pacar agu hau
"sebaiknya kita tidur sekarang, besok baru lanjut","ata dian tokod ge, diang po lanjut"
apa ada yang lihat telepon saya,asa manga ata lelo telepon daku
Mereka barusan pergi!,Ngos ge!
Mereka tadi sudah pergi!,Ngos bo ge!
"Ayo, sekarang kita pergi!",Ngot ge!
Tadi dia barusan pergi!,Ngoy bo ge!
Dia sudah lama pergi!,Ngoy one pisa ge!
Dia barusan pergi!,Ngoy gi!
Siapa yang datang ke pesta dan mengapa mereka hadir?,ceing ata mai ce pesta agu coo tara maid?
anjing putih punya siapa yang dijumpai di sungai tadi?,acu bakok diong ho'ot cumang wa ngalor bao?
Di mana Anda menemukan kunci Anda yang hilang dan kapan Anda kehilangan kuncinya?,nia dite itan kunci ite ata mora agu one pisa dite mora kunci ite?
Mengapa kamu mau untuk menjadi guru dan mata pelajaran apa yang kau ajarkan?,co'o tara hau ngoeng kudut jadi guru agu mata pelajaran apa ata ajar gau?
siapa yang tugas menjadi kera dalam acara itu?,ceing ata tugas kudut jadi kode one nempung hitu?
Bagaimana Anda bisa menyelesaikan proyek Anda lebih cepat dari saya?,co'o caran dite nganceng pande poli proyek gau cewe gelang one mai aku?
Apa tujuan dari penelitian ini?,apa latang one mai penelitian ho'o?
Siapa tokoh utama dalam cerita tersebut ?,ceing ata erang one mai nunduk hitu?
Di mana pom bensin terdekat dan berapa lama waktu yang dibutuhkan untuk sampai ke sana?,nia wan pom bensin ata ruis agu capa nais du ata ngoeng kudut sangge sale hitu?
Bagaimana kamu belajar bermain gitar ?,co'o caran hau nungku maen gitar?
Apa resep makanan favorit kamu dan berapa lama waktu yang dibutuhkan untuk menyiapkannya?,apa resep hang favorit gau agu capa nais du ata ngoeng kudut ameng?
Mengapa kamu memilih untuk belajar di luar negeri ?,co'o tara hau ala kudut nungku peang mai negri?
Siapa yang memenangkan pertandingan ?,ceing ata pande menang tanding?
alasan diajak ke rumah sakit sama saya karena merintih sakit dada terus-terusan,tara dade eta mbaru betin laku ai pasar beti pucu mole taung
Apa tujuan proyek dan kapan batas waktunya?,apa latang proyek agu cepisa lupi duhu hitu?
Bagaimana Anda mendapatkan ide ?,co'o caran dite ngance manga nuk?
Mengapa Anda pindah ke kota ini ?,co'o dite tara pinda one bendar ho'o?
siapa namanya anaknya tuan james?,cei ngasangn mantar de kraeng james?
untuk apa itu?,kudut co'on hitu?
mengikuti kakaknya datang ke labuan bajo,lut kaen mai ce'e labuan bajo
Dari mana kamu mendapatkan inspirasi untuk karya seni kau?,nia main hau haengn inspirasi latang pande seni gau?
Siapa penulis buku ini?,ceing ata tulis buku ho'o?
Apa saja gejala penyakitnya dan bagaimana cara mengobatinya?,apa keta gejala betin ne agu co'o caran rewosne?
Bagaimana cara kamu bisa membangun situs web?,co'o caran hau nganceng hese situs web?
bangunkan anak-anak itu,kengko ata koe sio
Mengapa tim kita kalah dalam permainan itu dan mengapa begitu ?,co tara tim dite kala one maeng hitu agu co tara nggitun
Bagaimana sejarah bandara itu ?,co'o sejara bandara hitu?
kau jangan pergi,asi ngom hau
Bagaimana Anda belajar berbicara bahasa baru ?,co'o caran hau nungku tombo logat weru?
Apa hasilnya akan digunakan?,co'o jadin nganceng paken?
Kapan pohon itu ditebang ?,cepisa haju hitu pokan?
Mengapa mereka kalah ?,co'o tara kala ise?
Di mana tempat terbaik untuk pergi berlibur dan berapa biayanya?,nia wan tempat ata dian kudut ngo pekansi agu pisa bajarn?
Siapa pendiri perusahaan?,ceing ata hesen perusahaan?
"kasih tahu mereka, si joni tidak usah datang","tae ise, hi joni asi main"
berhenti disitu kamunya sekarang,asi nitu meu ga
Apa cara terbaik untuk tetap sehat dan siapa yang dapat membantu Anda?,co'o cara ata dian kudut sehat agu ceing ata nganceng campe hau?
"Siapa pelanggan perusahaan, dan apa kebutuhan mereka?",ceing pelangan perusahaan agu apa ngoeng dise?
Mengapa kamu mudah berhenti?,co tara gelang asim hau?
Bagaimana proses pengerjaannya?,co'o proses kerjan?
Bagaimana pengaruhnya terhadap orang-orang?,co'o pengarun latang atan?
Di mana rumah sakit terdekat dan layanan apa yang mereka sediakan?,nia wan mbaru beti ata ruis agu layanan apa ata siap dise?
"kalau gelap, raba dinding rumah jangan sampai tabrak sembarangan","ome tuil, asur sinding mbaru boto duntak pinanaeng"
elus pipinya supaya tenang,asur pacun kudut heman
Apa perbedaan antara pohon kelapa dan pohon sawid ?,apa bedan latang haju nio agu haju sawid?
Bagaimana mereka bisa berubah ?,co'o caran ise nganceng caling?
Kapan Anda mulai mengerjakan ini ?,cepisa dite mulai kerja ho'o ?
Apa hasil yang diharapkan ?,co'o ngoeng hasil ne ?
Apa mereka sudah pergi ?,asa ise ngos bo ga ?
Apa peran pemerintah ?,co'o peran pemerintah ?
Siapa yang bisa mengerjakannya ?,ceing ata nganceng kerjan ga ?
Bagaimana cara mencapainya ?,co'o caran nondon ? 
Kapan waktu pengerjaannya ?,cepisa du kerjan ?
Berapa harganya?,cepisa hargan ?
Allah putera yang menebus semua orang,mori kreang anak ata sambe sangged ata
berapa keuntungannya?,pisa untungn ? 
Apa persyaratan untuk pekerjaan itu ?,apa persyaratan kudut kerjan hitu ?
Tuhan yang menjadikan dan menciptakan langit dan bumi,mori ata jari agu dedek tana agu awang
Karena dengan terpaksa,ai paksa mole
bermaksud datang menagih saya ,ata mai paing de aku
siapa saja mau ikut ?,ceing ata ngoeng lut (aku)?
Mengapa Anda memilih untuk pergi ke kebun ?,co'o tara hau ala kudut ngo one uma ?
Di mana saya bisa menemukan informasi ?,nia wan aku nganceng cumang informasi ?
"tahu banyak apanya kami, anda saja yang pandai untuk mengatur yang lebih baiknya","pecing keta apam, ite kali ata nggepuk te ator ata cewe dian"
coba bujuk dulu anamu itu,awa damang di anakm hitu
tolong kasihkan saya lemak usus daging babi potong kamu untuk buat minyak sayur,tei aku koe awal nuru ela julu de meu te pande mina
Apa alasanmu ?,co'o alasan gau ?
Mengapa tim mereka memenangkan perlombaan itu ?,co'o tara tim dise menangn lomba hitu ?
Siapa seseorang yang bisa diberi pisang ke monyet ?,ceing cengata ata nganceng teing muku one kode ?
rayu dia supaya dibeli semua pisang-pisang ini,awar hia kudut weli taungs muku so'o
Bagaimana Anda memulai bisnis Anda sendiri ?,co'on caran hau mulai bisnis deru ? 
Kapan rumah itu rusak ?,one pisa mbaru hitu rusakn ?
Apa Jenis makanannya ?,apa jenis hangn?
Siapa pemimpin partai politik dan apa kebaikan mereka ?,ceing ata pimpin partai politik agu apa ata diad dise?
Siapa yang dapat saya hubungi ? ,ceing ata nganceng hubung laku ?
"jangan gampang panggil-panggil anak kami, bagaimana dengan sapi pesta kawinmu","neka emong keta awit-awit anak dami, asa japi rame kawingm"
kenapa seperti ini ?,co'o tara nggo'on?
dari timur terbitnya matahari,awo mai parn mata leso
Berapa Tingginya ?,pisa langkasn ? 
jangan sembarangan saja buang abu rokokmu,neka sangge ngoeng kaut oke awu rongkom
dibawa oleh dia parang yang berbentuk pucuk kepala anda,ba liha kope lombong nio dite 
Berapa banyak yang bisa saya dipakai ?,pisa dod kudut nganceng pake lakud ?
kami tidak bawah sesuatu,toe manga bag ami
ketemu orang yang menjajarkan sarung tangan saya tadi di jalan,cumang ata ba lipa aku bao wa salang
masa seperti itu?,ba'ang neng ga?
Bagaimana cara gunanya?,co cara paken?
"keterlaluan sekali, diketahui oleh kamu, pura-pura tidak tahu","baang keta bail, bae le meu, pisik toe bae"
"bagaimana tidak seperti itu, sudah baik sekali sama saya cegahnya, jangan pergi, tapi tidak dengar ","baang kali e, poli dia keta laku benang, asi ngo, landing toe senget"
dituduh saya yang menggoda anak dia,mangkong aku ata wangen anak diha
terkaget jadinya anak kecil yang baru datang ke kampung itu,mangkong laing ata koe di mai one beo hitu
Apa ada orang didalamnya?,asa manga ata onen?
Apa hasilnya ? ,co'o hasiln?
Bagaimana ceritanya?,co'o nundukn?
Adik membeli sepatu dipasar,ase weli spatu one pasar ?
Mereka sedang bersih kebun,ise laring duat uma
dia menebas rumput di kebunnya sana untuk menanam jagung,hia babar remang sina uman kudut weri latung
ibu memasak di dapur,ine teneng one dapur ?
jadi basah semua celananya menyeberangi air banjir,baca keta taung dekon limbang wae wa'a
Kapan pertemuan berikutnya?,cepisa cumang kole?
tahu kamu persoalan dari ayah?,bae hau comong dise ema?
Kue itu dipanggang oleh nenek saya.,kue hitu tapa le empo daku
kau pergi ke jakarta dan kau singgah di bogor,hau ngo lau jakarta agu cenggoh le bogor
katanya kamu sakit,agut beti hau
tolong dikeruk pasir yang di dalam selokan air,ahir koe laing hoot bone ngali wae 
lancar jalannya air,dia lakon wae
coba lihat ususnya,lelo de ajon
mungkin ada yang membahayakan darinya,cala manga calangn one mai hia
oleh karena pembicaraan saya makanya mau dia beli kebunya joko,ajol tombo daku tara ngoeng hia weli uma di joko
biarkan saja kerbau itu tidak usah ditambat ,"ledo kaut kaba hitu, neka pongoy"
namun tetap sesekali dia lihat,"landing neka temo,  lelo kin"
jangan marah tuan,neka rabo ite ge
saya kena tipu dari anak-anak ini,aku hena akal data koe so'od
siapa punya siasat sampai kamu berbuat seperti itu?,akal de ceing tara pande nenggitum hau?
jangan berlari kalau ada jumpa anjing buas,neka mburuk ome manga cumang acu rani
jangan sampai dikejar dan digigitnya kita,jaga leor agu akit ite liha
si puput pergi mengetam padinya mamanya tadi,hi Pupt ngo ako woja dise ended bao
saya pergi keluar rumah mencari nafkah,aku ngo bana kawe hang
puput ambilkan kayu itu dong,"puput, ala haju hitu de"
si mama pagi sekali pergi potong daun pandannya,hi ende gula keta ngo ala rean 
begitu kuatnya berebut tanah dari om mereka,lengn campang tanah dise amang
padahal hati saya sudah sangat senang tenyata kamu berbohong,alang bengkes keta daku nai kali ata adongm hau
maunya datang kemarin saya kah ,alang mai one meseng ta
bisa saya buat semuanya nanti,alang pande laku ce pisa
posisi di belakang rumah kami dari rumah mereka,alang silin mbaru dami one mai mbaru dise
tolong kau jawab panggilan orang supaya jangan sampai naik darah buruknya,wale koe benta datah boto tuke dara da'atn
karena undangan mereka maka kami datang,wajol siro dise tara maigm
sakit perutmu sebab kamu makan pisang busuk,beti tukam le hang muku botekh
si adik usir kucing dengan tongkat kakeknya,hi ase sik pus le dongkar de empon
pada pagi mereka tiba tadi di sini,le gulas ise caid bao ce'e
"walaupun dia malas berkebun, tapi ada-ada saja kesibukan dirumahnya","aling po ngonden hia duat uma, landing manga-manga kaut gemergujuk one mbarun"
delapan yang kasih mereka ,alod ata teing ise 
dia sangat jarang pergi menerima foto,toe manga donden  keta ngo tiba foto 
ayam sesajian untuk penutupan peti mayat,manuk tudak ancem peti
kasihanilah kami,baeng koe  ami
lama tidak bertemu ayah mereka,nais toe ita agu emad
saya kasihan sama kamu,ba'eng keta laku hau e
"kalau ada dia punya, pasti dikasih, orang yang mempunyai belaskasih kaka itu","ome manga diha, toe-toet tei, ata manga nai bahi kae hitu"
terlalu kecil rumah ini untuk acara kawin,merik bailn mbaru ho'o latang te tae wagal
usir penyakit itulah kalau bisa dengan diusirnya,oke beti hitu ta ome nganceng weling moley
jangan makan sayur basi,neka hang ute banger
jangan sampai sakit perut,jaga beti tuka
jangan lupa bayar hutang,neka hemong bajar raung
dibeli baju baru oleh tantanya si james untuk dipakai waktu pergi misa paskah ,weli baju weru le inangn hia james te cuki cang ngo misa paskah
"tampar dia saya tadi, karena cerewet sekali kalau dinasihat oleh orang tua","baka hia aku bao, ai tokangangang keta ome toing lata tua"
banyak ketombemu karena malas untuk rutin mencuci rambutmu,do bakak dehau wajol ngonde te wewas terus wukm
kena ngompol semua celananya,hena bake taung dekon
tidak terlalu bagus nyala apinya dari pembakaran kayu mentah,toe danga kete dia apin tapa haju bakes
basuh dulu muka kalau bangun tidur,baki di ranga ome to'o toko
bagus sekali tali erat sarung parangmu ayah,dia keta oles de bako kope dite ema
badan putih,weki bakok
ayam putih,manuk bakok
kalau jalan di tengah saja,ome lako one breha salang kaut
kerbau berbunyi,kaba runingy
"begitu melihat orang yang memakai mahkota, tertawa tidak karuan hatinya ","woko ita ata pake bali-belo, belo-balot toe nipu nain"
kuda zebra,jarang balo
anjing hitam putih,acu balo
ambil satu balok itu,emi can balok hitu
riang sekali wajahnya waktu kedatangan pacarnya,bambas keta rangan du cai nacan
banyak air yang tumpah di jalan air yang dibawa si erwin,do ata bambek one salang wae ba di erwin
terkena wabah babi peliharaan saya minggu lalu,hena le bambo ela na'ang daku minggu olo
cari tempat lain untuk buat rumah mereka,kawe wejang bana te pande sekang dise
panggul skop tadi saya lihat dia pergi ke kebun,pola bancik bao itan laku ngo wa uma
ubi banger,tete banger
di bekas kampung ada mata air,eta bangka beo manga mata wae
hangat rasanya tinggal di rumah papan,mud noingn kaeng one mbaru banggang
si james namanya keponakannya jimmy,hi james ngasangn toa dise jimmy
berjalan di pematang ketika mengamati padimu,lako one pematang cang lelo wojam
tadi berangkatnya,bao ngon ga
orang bodoh kamu jadinya kalau dibeli olehmu mobil tua itu,ata bengot de hau ome weli le hau oto tu'a hitu
"saya pelihara kambing, kerbau, monyet anjing dan kucing","aku piara mbe, kaba, kode, acu agu puss"
beri makan kambing itu,teing remang mbe hitu
saya ada sapi di kebun,manga japi daku one uma
luka diperutnya kena cambuk waktu permainan caci,reu one baran hena larik cang caci
serak suara jadinya karena menyanyi sepanjang malam,bares muing wajol dere tedeng wien
berdoa dihari minggu di rumah saya,ngaji leso minggu one mbaru daku
di kampung tempat saya lahir,sale beo bate loas daku
bagi dua saja makanan ini,bati sua kaut hang ho'o
pergi mengikuti ibu saya,ngo lut ende daku
bangun sudah,to'o ge
dataran luas di dekat gunung,bea mese sale lupi golo
coba dibuat rata sedikit lapangan di sana,damang pande bea koe plein hio ta
semai biji padi di tanah kering,bebeng wini woja one tana masa
tebas rumput di depan rumah,babar remang bolo mai mbaru
jalan berpisah sejak dari tebing,lako becang pu'ung sili mai kebe
gemuk sekali selama dia tinggal disini,bece keta lawang  pongo ce'en
besi semua tiangnya rumah dia,beci taung sirin mbaru diha
sudah kenyang aku,becur aku ga
terpisah kelompok mereka sudah,behas uku dise ga
suami istri itu sudah cerai,rona wina hitu poli behasd
kami lama sudah tinggal di sini sudah,ami beheng kaeng cee ga
"Ayah, ayo kita makan siang!","Ema, mai hang leso ga!"
Dimana ayah menyimpan sarung?,Nia na’an towe dite ema?
"ibu hati-hati dijalan, ada mobil!","ende de di’a lako, jaga oto!"
belikan saya permen!,weli bombon koe aku!
"Ibu, saya berangkat ke sekolah dulu!","Ende, aku ngo sekola di e!"
"jangan berkebun dulu, istirahatlah sebentar!","emo ciwal ga, istirahat koe di!"
singgah di rumah dulu sampai hujannya berhenti!,iling ce mbaru di gereng meti usang!
saya lapar ! Ambilkan saya makan,darem aku ! emi koe hang ta
om minta uang!,Amang tegi seng pe!
Berapa harga sayuran ini om?,Pisa harga ute so amang?
Lagi jalan-jalan sore Om?,"Amang, lako mane bo?"
"Tanta, saya pesan baju yang bagus!","Inang, aku pede baju di’a e!"
Tanta jangan lupa untuk membelinya!,neka hemong weli le inang!
"Tanta, apa nona-nya ada?","Inang, cala manga enu?"
Sampaikan salamku untuk nona!,Salam daku latang enu!
"Tanta, berapakah harga kacang tanah ini satu kilogram?","Inang, pisa harga koja so ca kilo?"
"Kakak, bolehkah saya meminjam sepatumu?","Kae, nganceng celong koe sepatu dite laku?"
Karena sepatu saya sudah rusak,Ai rusak daku spatu ga
"Kakak, bolehkah saya meminta bahan untuk ujian besok?","Kae, nganceng tegi koe laku bahan kut ujian diang?"
"Adik, kemarilah!",Ase mai ce!
Mari kita sama-sama membantu ibu memasak!,Mai campe koe ende cama-cama teneng!
"Adik, sekarang lagi hujan!","Ase, reme usang ho e!"
Mari singgalah sejenak di rumah hingga hujan berhenti!’,Mai cenggo cekoen ce mbaru di sampe meti usang!
jam berapa kira-kira tiba di Ruteng?,jam pisa kira-kira cai ce Ruteng tong?
Nanti kami yang akan jemput!,Kut jemput lami tong!
kami akan kerumah besok!,ami ngo one mbaru diang!
Jangan lupa masak yang enak ya?,Neka hemong teneng sot enak e?
bolehkah saya ikut pergi tembak babi hutan?,nganceng lut aku ngo tembak motang?
bolehkah saya ikut pergi ke pasar?,nganceng lut aku ngo sale pasar?
tolong belikan garam di warung!,ngo koe weli ci’e sina kios!
jangan main air hujan nanti bisa jatuh sakit!,neka labar wae usang boto beti!
jagalah kesehatan dan janganlah lupa berdoa agar Tuhan selalu menyertaimu,Lami di’a weki agu neka hemong ngaji kut kamping le Mori
mau minum apa? ,ngoeng inung apa Kopi ko teh?
Kopi atau teh?,Kopi ko teh?
tolong buatkan saya secangkir kopi!,pande koe kopi lantang aku ta de!
kenapa rumah sepi sekali? ,co tara lingi-lengot keta mbaru ho'o? 
Kemana om dan tanta?,Ngo nia ise amang agu inang?
kapan datang?,one pisa maim?
kita sama-sama ke pasar ya?,ngo cama wa pasar de?
apakah anda mau minum secangkir arak?,cala ngoeng inung tuak?
Demikian sabda Tuhan!,Nenggitu reweng de Morin!
"Kalau dia berbuat begitu, maka agu juga demikian!","eme nenggitu panden hia, aku kole pande nenggitu!"
"Kalau begitu, Aku pergi! ","eme nenggitu, aku ngok ga!"
Aku dan dia juga!,aku agu hia nenggitu!
Baik hari ini maupun besok!,"Nenggitu leso ho’o, nenggitu kole diang!"
Sikap seperti itu yang dikehendaki Tuhan!,Ba weki nenggitu ata ngoeng de Morin!
Mulai dari aku begitu juga dia!,"Pu’ung one mai akun, nenggitu kole hia!"
Begitu contoh pembawaan yang baik!,Nenggitu wintuk ata di’an!
"Begitu juga, mereka turut serta!",Nenggitu kole ise ones!
Begitupun dia ikut!,Nenggitu kole hia ngoy!
"Aku, begitu juga mereka pergi ke situ!","Aku, nenggitu kole ise ngo nitu!"
Begitu cara membuatnya kah?,Nenggitu neng panden ko?
Begitulah pembawaan yang dikehendaki Tuhan!,Nenggitu de wintuk ata ngoeng de Morin!
Begitu sudah pembawaan yang baik!,Nenggitu ta wintuk ata di’an!
Habis begitu saja itu! ,Poli kat nenggitu hitu!
Bagaimana cara menyelesaikannya?,Co’oy kawe rajan ga?
Sejak semula hingga berakhirnya,"Pu’ung du wangkan, nenggitu kin dengkir len tai!"
Mulai hari ini hingga besok hari!,"Pu’ung one mai leso ho’o, nenggitu kole diang!"
"Kalau begitu, kita pergi sudah!","eme nenggitu, ngod ge!"
"Dengan demikian, selesailah sudah!","eme nenggitu, cemoly gi!"
Begitu sajalah dibuatnya apa itu! Di sini,Nenggitu kaut panden apa hitu!
Begitu saja buatnya,Nenggitu wa’y kat pandén!
Kau tinggal di mana cantik?,Ka’éng nia hau molas?
Aku dengan dia!,Aku agu hia
Saya dengan mereka!,Aku agu ise
Aku atau dia?,Aku ko hia?
Aku dan dia.,Aku agu hia!
Mereka dan dia!,Ise agu hia!
"aya mau ajak dia, namun tidak mau!","Aku ngoeng dade hia, landing hia toe ngoeng!"
"Dia memang pantas untuk dinikahkan, namun dia masih sekolah!","Bo jepek’en te kawing laing, landing toe di poli sekolan"
"Karena dia ada halangan, makanya dia tidak pergi","Ajol hia manga do’ong, itu tara hia toe ngon"
Makanya dia tidak pergi karena ada halangan!,"Itup tara toe ngon, ajol le do’ong!"
"Tetapi karena dia memang tidak mau, makanya tidak boleh dipaksakan!","Landing ga, ai hia toe meng ngoengn, itup tara toe nganceng sutut keta te bantangn!"
Dia sebenarnya bisa dinikahkan tetapi belum cukup umur!,"Bo kali nganceng te kawing laing gi, landing’en ga toe dé co’o co’on uwan!"
Dan Juga kau,Nenggitu kole hau
"Bukan hanya dia, bagaimana dengan mereka?","Toe hanang hia, co’os ise?"
Pekerjaannya tidak hanya sebagai Jurnalis tetapi juga sebagai seorang Pemimpin!,Toe hanang Jurnalis gori diha cau kole lihay ngasang Landuk!
Tidak hanya itu tetapi ada juga yang lainnya!,"Toe hanang hitu, manga kid iwod!"
Yang kumau bukan uangmu tetapi kasih sayangmu!,"Ata ngoeng daku, toe sengm, cewe mesen momangm hitu!"
Mungkin tidak mau!,Am ogon ketay!
Mana mungkin itu terjadi sementara dia masih jauh!,"Co’o ketay ngancengn eh, hia gah tadang kin!"
"Mana mungkin dia mau, tambahan lagi saya ini orang tidak berada!","Co’o keta ngoengn eh, cewen woko aku ata lengge dendut!"
"Yah, dia kaya tetapi tidak ganteng dan tidak berpendidikan!","Bo boran, landing toe manga reban agu sekolan!"
"Dia seenaknya mengambil barang saya, sementara saya setiap hari membanting tulang mencari rezeki","Di’a keta hia ga emi kaut ceca daku, lelo aku gah lete bari ngo kawe pa’eng te mose nai"
Tetap Saja,Ruda nenggitu!
Sama Seperti,Cama neho
"Yah, begitu sudahlah nasib ini!","Yah, nenggitu kat meng mose ho’o gah!"
Apa pun juga,Sanggen kat!
"Karena itulah, makanya","Ali le hitu deh, tara!"
Karena itulah,Wiga le hitu neng!
Apa pun juga.,Co’o kat taran!
Apa pun yang terjadi!,Neho nia kat cain sina mai!
Oleh Karena Itu.,Landing le hitu neng!
"Bagaimana sudah, jalan sudahkah?","Co’oy gih, lako ge koh?"
Di mana pun juga,Nia kat néng wan hitu!
Ke mana sekarang?,Ngo nia ge? 
Saya pergi ke bawah sana!,Ngo wa ho’o e!
Kami ke bawah sana!,Ngo wa ho’o ami e!
Kalian pergi ke mana?,Ngo nia meu ge? 
Kami pergi mencari kayu ke bawah sana!,Ngo rocik haju wa ho’o e!
pergi ketemu pacarku!,Ngo cumang hi naca dakud ta!
Jalan-jalan saja!,Lako-lako kat e! 
kami pergi memancing ikan sekarang!,ami ngo pekang ikang e!
"Bagaimana sudah, jalan ke mana?","Co’oy ga, lako niad ge?"
Jalan ke mana saja!,Lako nian kat ta de!
Mana yang baik ini makanan?,Nia ata diad hang so’o ge?
"Makan yang mana saja, terserah!",hang nian kat ta de!
Makan yang mana saja!Kita duduk di mana?,Lonto niad ge? 
"Bagaimana sudah, di sini masih ada jeruk yang belum matang!","Co’os ge ta, cait manga ata toém te ed nderu so’o e?"
Di mana saja!,Nia-nian kat ta! 
Ke Rumah Ijuk sekarang!,Ngo wa Mbaru Wunut e! 
Tidak tahu lagi mungkin mereka pergi ke toko!,"Aik de, aram ngo wa tokong ise! "
Cari di sekolah!,Kawe one sekola! 
"Biarkanlah kalian pergi, aku tak peduli!","Maram ngom me, ai co’om laku to’ong!"
tidak jadi pergi kah?,Toe ngod ko?
Besok baru kita pergi!,Diang po ngod de!
Sebentar baru saya pergi!,To’ong po ngok e!
apakah anda mau rokok?,cala ngoeng rongko?
tolong gantikan ibu untuk ikut arisan karena ibu tidak enak badan,tegi campe lut arisan ai tema danga sehat ende
ambilkan sirih pinang ibu!,emi koe cepa de ende!
mari kita ke kebun untuk menanam ubi,mai ga ngo weri tete lau uma
mari kita ke gunung mencari kayu,mai ga ngo kawe haju le poco
mari kita bermain sepak bola!,mai main bola!
mau kemana?,kut ngo nia? 
Mampirlah ke rumah ini dulu!‘,cengo ce mbaru di!
Selamat sore pak guru! Pak guru hendak kemana?,"Tuang guru, tabe mane! kut ngo nia tuang guru?"
"Romo, mungkin bisa besok malam pimpin misa di rumah duka?","Tuang, cala nganceng pimpin koe misa arwah eta mbaru susah diang wie?"
ingin lauk apa untuk makan siang hari ini?,ngoeng pareng apa kut hang leso tong?
kapan akan dilaksanakan kerja bakti?,cepisa mulai dite kerja bakti?
"Yang sangat kami hormati, bapak dan ibu bupati!","Ata hormat keta lami, ema agu ende bupati!"
Selamat pagi bapak! Selamat pagi ibu!,Tabe gula pa! Tabe gula bu!
matikan televisinya dan segera tidur karena besok harus sekolah!,temo det nonton hitu toko ga ai sekolah diang!
apakah tugas matematikamu sudah dikerjakan?,poli de hau kerja tugas matek ke?
Rober ayo kita ke sungai untuk memancing ikan,"Rober, mai ge ngo deko ikan sina ngali"
"Ipong, ayo kita pergi menonton pertandingan bola volly!",Ipong ngo nonton maen volly de!
"Bapa Laras, katakan pada mama laras jangan lupa nanti sore ada arisan","Bapa Laras, tae mama laras neka hemong arisan tong mane"
Apakah anda sudah makan om?,Poli ite hang amang?
"Rin, kamu sedang apa?","Rin, pande apam hau?"
Mama Veren tidak ikut kerumah ayah kamu kah?,Mama Veren toe ngo le mbaru dise ema meu ko?
"Bu Guru, kenapa anda tidak datang ke sekolah kemarin?","Bu Guru, co tara toe mai ce sekolah ite meseng?"
"Bapak Bupati, apakah anda bisa mengikuti upacara pembukaan pameran besok?","Ema Bupati, cala nganceng ite lut acara pembukaan pameran diang?"
Saya orang manggarai,aku ata manggarai
Kami sementara panen padi sawah,Ami  reme ako woja ne sawa
Saya mau makan buah apel,Aku ngoeng hang wua apel
Saya bisa berenang di air laut,Aku nganceng Anging one wae tacik 
Anjing itu makan tikus mati,Acu hitu hang lawo mata
Jangan pergi curi kelapanya orang,Asi ngo tako nio data
Saya senang melihat awan,Aku senang lelo Awang
Saya tidak suka menipu orang tua,Aku toe ma ngoeng Adong ata tu’a
Saya tahu jawab pertanyaan dari dosen,Bae tahu Aku Bae wale rei de dosen
Adik saya cari botol mau bawah air di sekolah,Ase daku kawe Botol kut ba wae ne sekolah
Kau semakin putih sekrang,"Hau tamba Bakok ho,o ga"
Kau bodoh sekali,Hau bengot tu’ung
Saya pergi panggil adik  di kebun,Aku ngo Benta ase sili uma
Betis saya sakit semua,Beti taung daku Bocel
Saya tau  rumahnya sinta yang dia tinggal sekarang,"Aku Bae mbaru ata kaeng di sinta ho,o ga"
Saya sakit leher,Aku beti Bokak
Bambu yaitu batangnya besar dan bias dijadikan tiang rumah,"Betong hitu pu’u na mese, agu nganceng kut siri mbaru"
Kakak saya pergi cari rebung mau masak sayur siang,Ka’e daku ngo kawe Bok kut  ute leso
Bapa saya pergi siram bibit di sawah,Ema daku ngosiram Bibit sili galong
Saya pergi beli bengkuang di pasar,Aku ngo weli Bengkuang sale pasar
Adik  saya tuli pengaru ada sakit di telinganya,Ase daku Bongot ajol ma beti ne tilu
Besi ini berat sekali,Mendo tu’ung  beci ho
Saya mau makan sayur boncis,Aku ngoeng hang ute Buncis
Saya  pergi beli seng di took untuk atap rumah,Aku  ngo weli Belek one toko kut atap mbaru
Saya sakit kepala pengaruh jatuh,"Aku Beti s,ai ajol pa,u"
Saya mau pulang kampung,Aku ngoeng te kole Beo 
Saya memasak sayur brenibon,Aku teneng ute Brenibon 
Kayu  kemiri itu sudah lapuk,Haju welu hitu Bowok gi
Pipi saya bengkak pengaruh sakit gigi,Pacu daku Bara ajol beti ngi’is
Buku saya basah semua pengaruh kena air,Buku daku Baca taung si pengaru hena le wae
Saya pingsan di kampus,Aku Boat sale kampus
Ayah pergi beli tofa di pasar,Ame ngo weli Beci ne pasar
Saya pergi tebas rumput pematang,Aku ngo Babar remang pematang
Saya satu pergi jalan-jalan,Aku Ca ngo lako-lako
Hati-hati menggunakan sabit awas tangan luka,Dedia pake Cabit jaga reu lime
Febi Cau lime daku,Febi memegang tangan saya
Saya sementara jemur cengkeh,Aku reme pari Cengke 
Saya tidak sama dengan sinta,Aku toe Cama agu hi sinta
Kami sementara menggali tanah di kebun,Aku reme Cake tana one uma
Saya pergi mandi di kali,Aku ngo Cebong One ngalor
Saya membawa kapak di kebun,Aku ba Cola sale uma
Kecoa itu masuk ke dalam kami punya rumah,Cigar hitu ngo one mbaru dami
Siapa nama mu?,Ceing ngasang dehau ?
Dingin sekali air ini,Ces keta wae ho
Saya pergi membeli garam di pasar,Aku ngo weli Ci’e one pasar
Saya makan bawang putih,Aku hang Comu bakok
Dia menyentuh tangan saya,Hia Cegong lime daku
Saya pergi kencing di Wc,Aku ngo Cio kakus
Saya membuka kain di keranjang,Aku Cengka kain one keranjang
Siku saya sakit,Ciku Daku beti
Saya sering makan sedikit  kalau makan pagi,Aku sering hang Cekoe kat eme hang gula
Pohon mangga itu banyak sekali cabangnya,Pu’u pau hio do keta Dangka 
Saya tidak dengar anak itu menangis,Aku toe ma Denge retang de anak hitu
Ibunya anak itu meninggal akibat melahirkan,Ende de anak hitu mata le Dading
Anak kecil itu  baik sekali sifatnya,Anak koe hitu di’a tu'ung gauk
Mereka orang banyak yang pergi jalan-jalan,Ise ata Do Ngo lako lako
Di  kami punya kebun banyak daun kering,One uma dami do saung Dango
Celana saya kena darah semua,Deko  daku hena le Dara taung e
Saya senang makan durian pengaruh enak sekali,Aku senang hang Durian ajol mecik keta
Nenek saya kalau jalan  pakai tongkat,Nene daku  eme lako pake Dongkar mole
"Jamur adalah jenis tumbuhan yang tidak berdaun dan tidak berbuah, dan bentuknya seperti payung","Denger ca jenis po’ong ata toe ma saung agu wua na, agu hia ata cama nu payung e"
Celana ini mama yang beli,"Deko ho,o ata weli di ende"
Saya lapar ada makan kah,Aku Darem manga hang ko
Saya menangkap burung merpati,Aku Deko Burung merpati
Saya pergi beli beras dipasar,Aku ngo weli Dea one pasar
Besok hari ulang tahun saya,Diang leso ulang ntaung daku
Bapak  saya bisa menganyam nyiru,Ema daku nganceng nanang duku
Saya di kejar oleh anjing,Aku Dolong le acu
Saya bukan orang jahat,Aku toe ata Da’at
Saya sementara gendong adik,Aku reme Eko ase
Saya pergi ambil buku,Aku ngo Emi buku
Saya pergi kasi makan babi,Aku ngo teing hang de Ela
Gunung itu tinggi sekali,Langkas tu’ung de Golo hio
Saya  pergi beli gula di pasar,Aku  ngo weli Gola Sale pasar
Saya pergi beli gunting,Aku ngo weli Gunting 
Saya tidak suka baunya daun gamal,Aku toe ngoeng wau de saung Gamal 
Saya senang jalan siang kerena terang,Aku senang lako leso ai Gerak 
Kaki saya sakit pengaru berdiri terus,Wa’I daku beti pengaruh Hese terus
Walang sangit adalah sebangsa serangga yang baunya sangat tajam,Hama hitu cama nu serangga ata da’at ne wau na
Saya dengan adik saya pergi cari kayu di hutan,Aku agu ase daku ngo kawe Haju Sina puar
Saya senang makan nasi dingin,Aku ngoeng Hang hang ces
Saya senang minum air teh,Aku senang Inung wae te
"Harimau itu binatang yang rupanya seperti harimau kecil, dan biasa dipiara oleh manusia",Indus Hitu cama ne harimau koe agu nganceng  piara le manusia
Saya senang hidung mancung,Aku senang Isung mongko
Saya cari jarum mau jahit baju,Aku kawe Jarung kut  ja’it baju
Kami tidak memelihara kuda,Ami toe manga piara Jarang 
Kayu jati itu bisa membuat tiang rumah,Haju Jati hitu ngance te tiang mbaru
Badan saya gatal semua pengaruh mandi air hujan,Weki daku katel Taung pengaruh cebong wae using
Saya mau makan buah,Aku ngoeng keta hang  wua
Saya tidak suka badan kecil,Aku toe senang weki Koe 
Saya suka makan sayur Kol ,Aku senang  hang ute Kol 
Saya pergi memindahkan kerbau di kebun,Aku ngo pindah Kaba Sale uma
Saya pergi beli karung untuk simpan padi,Ine ngo weli Karung kut na woja
Saya suka makan buah sukun yang sudah digoreng,Aku senang hang wua Kerara Ata poli goreng
Ayah pergi membuat kandang babi di belakang rumah,Ema  ngo pande Kandang ela musi mai mbaru
Saya pergi petik  papaya masak di pasar,Aku mo pua Ka’ung te’e sale uma
Ayah saya pergi bajak di sawah,Ema daku ngo Kalek One  sawa
Saya suka minum kopi,Aku senang inung Kopi 
Saya takut monyet,Aku rantang Kode 
Saya suka makan udang,Aku ngoeng hang Kuse 
Saya suka makan asam,Aku ngoeng  hang Kaca
Bagaimana cara membuat kue,Co caran pande Kukis 
Kami  ada pohon kampas,"Dami manga pu,u kampas"
Kami punya rumah tidak ada pagar,Mbaru dami toe manga Kena 
Tolong garuk saya punya tangan,Kerok ke lime daku
Berapa harganya cincin ini?,Pisa hargan Kila ho’o?
Saya suka makan kentang,Aku senang hang Kentang 
Saya suka makan sirsak,Aku senang hang Kroso
Saya senang makan kacang tanah yang sudah goreng,Aku ngoeng hang koja ata poli cero
Saya pergi pilih kapuk di kebun,Aku ngo pilih Kawu Sili uma
Panas betul di kupang,Kolang tu’ung ce kupang
Hati –hati menggunakan parang awas tangan luka,"Dedi,a pake Kope jaga reu lime"
Saya suka makan sayur kangkung,Aku senang hang ute Kangkong 
Saya  pergi tanam jagung di kebun,Aku ngo weri Latung Sili uma
Saya menggali tanah menggunakan linggis,Aku cake tanah pake Linggis 
Saya tida suka makan belimbing,Aku toe ma ngoeng hang Lindi 
Saya  rambutnya panjang,Aku senang wuk Lewe 
Hari ini panas sekali,Kolang tu’ung  Leso ho’o
Saya pergi cari lengkuas di kebun,Aku ngo kawe Laja sili uma
Saya pergi cari benang untuk jahit,Aku ngo kawe Lawe kut jahit deko
Periuk adalah tempat untuk masak nasi,Lewing Hitu tempat kut teneng hang
Saya suka makan sayur labu,Aku senang hang ute Labu 
Lumut itu banyak tumbuh di batu,Lamung do todo one watu
Sandal saya terapung di air,Sandal daku Lenteng one wae
Saya suka pergi jalan -jalan,Ase ngoeng ngo Lako 
Saya pergi cari haia di kebun,Aku ngo kawe Lia sili uma
Saya tau menganyam tikar,Aku  bae rojok Loce
Saya suka kulit halus,Aku ngoeng Luit lomos
Kalau musim hujan lalat banyak sekali,Ome musim using do tu’ung Lali 
Saya mau punya pacar yang berbadan tinggi,Aku ngoeng manga genok sot weki langkas
Saya pergi petik daun kemangi,Aku ngo ako saung Laci 
Saya tidak suka makan tikus,Aku toe ma ngoeng hang Lawo 
Saya takut digigit lipan,Aku rantang akit le Lipang 
Saya reme jepur pakaian,Aku reme Limba pakaian
saya pernah digigit kalajengking,Aku pernah akitn le Letik 
saya sementara duduk di kursi,aku reme Lonto one kursi
Tangan saya luka,Lime daku reu
Saya membawa linggis di kebun,Aku ba Linggis One uma
Lidah saya rasanya pahit sekali,Lema daku pait keta rasan
Saya suka makan daging ayam,Aku ngoeng hang nuru Manuk 
Sembako bisa membuat rokok,Mbako ngance pande rongko  laing
Saya suka makan daging kambing,Aku senang hang nuru Mbe 
Saya senang lari pagi,Aku senang Mburuk le gula
Saudara saya bisa membuat meja dari kayu,Nara daku ngance pande Meja one mai haju
Saya suka badan besar,Aku ngoeng keta weki Mese 
Saya suka memakai baju hitam,Aku senang pake baju Miteng 
Tikus itu mati karena kelaparan,Lawo hitu Mata ajol darem
Saya tidak suka makan jambu mente,Aku toe ma ngoeng hang jambu Mente 
Kemarin kami pergi ke pasar,Meseng ami ngo pasar
Saya mau sekali makan markisa,Aku ngoeng keta  hang Markisa 
Kaki saya di gigit lintah,Wa’I daku akit  le Mantek 
Saya sakit mata pengaruh kena debu,Aku beti Mata ajol hena le kebok
Daun kelor sayur yang paling enak,Saung Meraungge ute ata paling enak
Saya batuk pengaru mandi malam terus,Aku Meki ajol  cebong wie terus
Soal ujian kemarin sulit sekali,Soal ujian meseng Mena ketas
Saya suka makan pisang yang suda masak,Aku senang hang Muku te’e
Saya sakit mulut pengaruh makan salah batu,Aku beti mu’u ajol hang cala watu
Saya tidak bisa lari,Aku toe nganceng Mburuk 
Baju saya kena muntah semua,Baju daku hena le Muntah taung
"Dia tidak bisa kunyah nasi , pengaruh sakit gigi",Toe nganceng Mamam hang hia ajol beti ngi’is
Saya tidak tau bunuh ayam,Aku toe bae Mbele manuk
Babi hutan itu mati di sawah,Motang hitu mata one sawa
Saya tadi tidak pergi ke kampus,Aku bao toe manga Ngo Kampus
Saya tuli pengaru ada sakit di dalam telinga,Aku Nenteng ajol beti bonen tilu
Kayu manis juga bisa dijadika bumbu daging,Ndingar ngance pande bumbu nuru laing
"Oh, begitu maksudnya ka?","Oh, Nenggitu maksudn bo ko ?"
Lesung yaitu tempat untuk menumbuk padi,Ngencung hitu tempat kut tuk woja
Saya ingat orang tua di kampong,Aku Nuk Ata tu’a one beo
Saya punya badan bau asap semua,Weki daku wau Nus taung
Hati- hati kalau jalan awas jatuh di jurang,Dedi’a eme lako jaga pa’u one Ngampang 
kamu sakit gigi terus,hau beti terus kat Ngi’is
Saya senang makan sayur nangka,Aku ngoeng hang ute Nangka 
Saya malas mau makan pagi,Aku Ngonde keta hang gula
Kakak saya suka makan lombok,Ka’e daku ngoeng hang Nggurus 
"Jeruk adalah buah yang rasanya asam dan juga ada yang manis,berbentuk bulat","Nderu hitu wua hot rasa ne heo agu manga kole ata mince ,bentuk mbuling"
Saya mau makan kelapa muda,Aku ngoeng hang Nio Ngoel
Begini cara kerjanya,Nenggo’o cara kerja na
Saya takut jalan malam pengaruh gelap,Aku rantang lako lewie ajol Nendep 
Saya dengan adik saya sering bermain di depan halaman,Aku agu ase daku sering labar olo Natas 
Saya tidak suka makan sayur kestela,Aku toe manga ngoeng hang ute Ndesi 
Saya ingin sekali di peluk mama,Aku ngoeng keta Nggao li ende
Saya baru mau pergi buang sampah,Aku ho’o di kut ngo oke weang
Saya mau pergi ke dalam rumah,Aku kut ngo One mbaru ga
Saya senang makan paha ayam,Aku ngoeng hang Pa’a manuk
Mama menyuruh kami untuk pergi ke luar rumah karena mau pel,Ende jera ami kut  ngo be Pe’ang taung pajol kut ngepel
Saya denga bapak pergi cari kayu di hutan,Aku gu ema ngo kawe haju one Puar 
Kalau hujan bawa paying,eme using ba Payung 
Pusat saya luka,Putes daku reu
Dia jatuh dari pohon mangga,Hia Pa’u One pu’u pau main a
Saya senang makan katak,Aku ngoeng hang Pake 
Saya tida suka makan sayur paria pengaruh pahit,Aku toe manga ngoeng hang ute Perea ajol pa’it
Adik saya suka makan nenas,Ase daku ngoeng  hang Pandang 
Saya pergi beli pisau di pasar,Aku ngo weli Piso Sale pasar
Saya pergi petik mangga di kebun,Aku ngo pu’a Pau One uma
Saya pergi beli paku di took  bangunan untuk paku kandang babi,Aku mo weli Paku One toko bangunan kut paku kandang ela
Saya pergi siram pupuk di sawah,Aku ngo worang Pupuk Sili sawah
Saya takut kalau dengar suara burung hantu kalau malam hari,Aku rantang eme denge running Po le wie
Saya pergi ke kebun untuk jaga padi takutnya burung pipit makan.,Aku ngo sale uma kut jaga woja jaga hang le peti
Berapa orang yang pergi kampus ini hari ?,"Pisa ata bo sot ngo kampus leso ho,o?"
"Kakak saya melempar saya pakai batu, kena di kepala",Ka’e daku Peke aku le watu hena one sai
Elin berapa pohon kopi yang kau tanam kemarin?,Elin pisa Pu’u weri kopi dhau one meseng?
Saya  pergi tutup pintu dapur,Aku ngo tadu Para Dapur
Saya pergi beli sayur picai di pasar,Aku ngo weli ute Picai Sale pasar
Mama tolong tiup saya punya mata,Pur ke mata daku ta ende campe
Kaki anjing itu kena panah,Acu hio hena le Pana wa’in
Pipi saya besar,Pacu daku mese
Saya jatuh dari atas pohon nangka,Aku Pa’u eta mai lobo haju nagka
Saya sementara buat bedeng,Aku reme Pande banta
Saya pergi potong bambu,Aku ngo paki Pering 
Saya sementara tarik tali kerbau,Aku reme Poto wase kaba
Tangan saya keram,Lime daku Patas 
Saya pergi petik jambu di kebun,Aku ngo Pua jambu sili uma
Saya tida suka makan pinang,Aku toe ma ngoeng hang Raci 
Saya senang duduk di kursi yang pendek,Aku ngoeng lonto one kursi sot Radak  
Kami sementara tanam bibit di kebun,Ami reme Rede bibit sale uma
Saya takut jalan sendiran,Aku Rantang lako hanangkoe
Tadi malam saya kena marah dari mama,Aku one wie Rabo le ende
Saya mau dengan kau,Aku Ritak agu hau
Mata saya kena abu,Mata daku hena le Rawuk 
Pacar saya tida ganteng,Genok daku toe manga Reba 
Saya sementara menangkap belalang,Aku reme deko Rengka
Tangan saya luka,Lime daku Reu 
Saya senang  muka putih,Aku ngoeng Ranga bakok
Saya belum ada suami,Aku toe toe di manga Rona 
Andi sementara tebas rumput,Andi reme babar Remang  
Saya suka makan kepiting,Aku senang hang Rogo 
Rumah rubu  pengaru lonsor,Renco mbaru ajol Ronco
Rumah kami rubu pengaruh angin besar,Mbaru dami Renco ajol buru mese
Saya sementara kupas bawang,Aku reme Roke comu
Saya kalau pergi ke kebun bawa dengan keranjang,Aku eme ngo one uma ba agu Roto 
Saya tidak suka makan telur,Aku toe ma ngoeng hang Ruha 
Saya pergi cari alang-alang di kebun,Aku ngo kawe Ri’i one uma
Saya menangis terus ingat di kampung,Aku Retang terus nuk one beo
Saya senang makan rambutan,Aku ngoeng hang Rambutan 
Nenek saya senang sekali mendengar berita dari radio,Nenek daku ngoeng keta senget berita one mai Radio 
Kos saya denga kos james berdekatan,Kos daku agu kos di james ruis ke
Kepala saya sakit sekali,Sa’i daku beti keta
Saya sementara masak sayur bayam,Aku reme teneng ute Sawe 
Saya senang makan salak,Aku ngoeng hang Salak 
Daun salam bisa di jadikan bumbu,Saung Salam ngance bumbu nuru laing
Daun kemiri itu kering semua,Saung welu situ dango keta taung
Kami sementara buat pondok,Ami reme pande Sekang 
Saya rajin masak,Aku Seber teneng
Saya senang makan sayur selada,Aku ngoeng hang ute Selada 
Kepala saya digigit tawon,Sa’I daku akit le Sepot
Kita dua pergi mandi sama,Ite Sua ngo cebong cama
Kaka Andi sementara menggali tanah,Ka’e  Andi reme cake Tana 
Rumahnya Sinta dengan saya punya rumah tidak jauh,Mbaru de Sinta agu mbaru daku toe manga Tadang
Saya sementara membakar rumput di belakang rumah,Aku reme Tapa weang musi mai mbaru
Saya pergi beli gula tiga kilo di pasar,Aku ngo weli gola Telu kilo sale pasar
Saya masak sayur di dapur,Aku Teneng ute one dapur
Saya sementara menyusun batu,Aku reme Tena watu
Kami seementara makan ubi,Ami reme hang Tete 
Tebu salah satu bahan dasar pembuatan gula,Teu Ca bahan kudut pande gola
Saya sementara tidur,Aku reme Toko 
Tangan saya sakit kena tulang ikan,Lime daku beti ajil hena le Toko ikan
Saya pergi timba air,Aku ngo Te’ku  wae
Saya makan buah mentimun,Aku hang wua Timung 
Telinga saya luka,Tilu daku reu
Saya sementara masak sayur terung,Aku reme teneng ute Toro 
Jagung itu cepat sekalih tumbuh,Latung situ gelang keta Todo 
Saya membuat sambal tomat,Aku pande sambal Tomat 
Saya menangkap belut di sawah,Aku deko Tuna wa sawah
Lutut saya keram,Tu’us daku patas
Saya sakit perut,Aku beti Tuka
Tumit saya sakit pengaru jalan terus,Tundel daku beti ajol lako terus
Kami tanam jagung di kebun,Ami weri latung one Uma 
Saya pergi petik sayur,Aku ngo ako Ute 
Baju saya basah kena air hujan,Baju daku baca le wae Usang
Ular itu melilit di kayu,Ular hitu mbulit one haju
Saya pergi jual vanili,Aku ngo pika Vanili 
Saya pergi timba air,Aku ngo teku Wae
Kaki saya tersangkut batu,Wa’i daku timpok le watu
Saya pergi ambil batu di kali,Aku ngo emi Watu wa wae
Kayu itu sudah mati pengaru tidak ada akar,Haju hitu mata gi pengaru toe manga Wake
Kami sementara  gembur tanah,Ami reme Wedak tana
Kotoran itu bau,Weang situ Wau
Saya ikat kayu pakai tali,Aku pongo haju pake Wase
Saya sementara tanam bibit di sawah,Aku reme Weri bibit one sawa
Saya baru bangun tidur,Aku ho’o de Wela wa mai took
Bunga itu bagus,Wela hitu di’a keta
Badan saya sakit semua,Weki daku beti taung
Biawak itu mati di lubang,Weti hitu mata one nua
Saya bukan orang gila,Aku toe ata Wedol 
Saya belum ada istri,Aku toe di manga Wina 
Mama tanam biji Jambu,Ende weri Wini jembu
Pohon kemiri banyak di kami punya kebun,Pu’u Welu do one uma dami
Kami sementara panen padi,Ami reme ako Woja 
Saya sementara menyiram sayur,Aku reme Worang ute
Saya suka makan buah jambu,Aku ngoeng hang Wua jembu
Saya suka rambut panjang,Aku ngoeng Wuk lewe
Buluh ayam itu halus,Wulu manuk hitu hemel
Kunyit itu kuning sekali,Wunis hitu neneng keta
